Loan_ID,Gender,Married,Education,Self_Employed,ApplicantIncome,CoapplicantIncome,LoanAmount,Loan_Amount_Term,Credit_History,Property_Area,Loan_Status,LoanAmount_log,TotalIncome,TotalIncome_log
LP001002,Male,No,Graduate,No,5849,0.0,146,360,1,Urban,true,4.866324565936641,5849.0,8.674196940225903
LP001003,Male,Yes,Graduate,No,4583,1508.0,128,360,1,Rural,false,4.859812404361672,6091.0,8.714731714015052
LP001005,Male,Yes,Graduate,Yes,3000,0.0,66,360,1,Urban,true,4.204692619390966,3000.0,8.006700845440367
LP001006,Male,Yes,Not Graduate,No,2583,2358.0,120,360,1,Urban,true,4.795790545596741,4941.0,8.505525386548555
LP001008,Male,No,Graduate,No,6000,0.0,141,360,1,Urban,true,4.955827057601261,6000.0,8.699681400989514
LP001011,Male,Yes,Graduate,Yes,5417,4196.0,267,360,1,Urban,true,5.5909869805108565,9613.0,9.170975648453906
LP001013,Male,Yes,Not Graduate,No,2333,1516.0,95,360,1,Urban,true,4.564348191467836,3849.0,8.25582842728183
LP001014,Male,Yes,Graduate,No,3036,2504.0,158,360,0,Semiurban,false,5.0689042022202315,5540.0,8.61993026886735
LP001018,Male,Yes,Graduate,No,4006,1526.0,168,360,1,Urban,true,5.1298987149230735,5532.0,8.618485442898109
LP001020,Male,Yes,Graduate,No,12841,10968.0,349,360,1,Semiurban,false,5.857933154483459,23809.0,10.077860939480908
LP001024,Male,Yes,Graduate,No,3200,700.0,70,360,1,Urban,true,4.2626798770413155,3900.0,8.268988209506656
LP001027,Male,Yes,Graduate,No,2500,1840.0,109,360,1,Urban,true,4.700480365792417,4340.0,8.375860015299594
LP001028,Male,Yes,Graduate,No,3073,8106.0,200,360,1,Urban,true,5.303304908059076,11179.0,9.32188174670909
LP001029,Male,No,Graduate,No,1853,2840.0,114,360,1,Rural,false,4.74493212836325,4693.0,8.454040376410969
LP001030,Male,Yes,Graduate,No,1299,1086.0,17,120,1,Urban,true,2.8903717578961645,2385.0,7.777373602657861
LP001032,Male,No,Graduate,No,4950,0.0,125,360,1,Urban,true,4.836281906951478,4950.0,8.507344855361422
LP001034,Male,No,Not Graduate,No,3596,0.0,100,240,1,Urban,true,4.61512051684126,3596.0,8.187855443695623
LP001036,Female,No,Graduate,No,3510,0.0,76,360,0,Urban,false,4.343805421853684,3510.0,8.163656176168432
LP001038,Male,Yes,Not Graduate,No,4887,0.0,133,360,1,Rural,false,4.897839799950911,4887.0,8.494538500851432
LP001041,Male,Yes,Graduate,No,2600,3500.0,115,84,1,Urban,true,4.7535901911063645,6100.0,8.716207971151853
LP001043,Male,Yes,Not Graduate,No,7660,0.0,104,360,0,Urban,false,4.653960350157523,7660.0,8.94389780251682
LP001046,Male,Yes,Graduate,No,5955,5625.0,315,360,1,Urban,true,5.755742213586912,11580.0,9.357121103184378
LP001047,Male,Yes,Not Graduate,No,2600,1911.0,116,360,0,Semiurban,false,4.762173934797756,4511.0,8.414495793177895
LP001050,Male,Yes,Not Graduate,No,3365,1917.0,112,360,0,Rural,false,4.727387818712341,5282.0,8.572249397164315
LP001052,Male,Yes,Graduate,No,3717,2925.0,151,360,1,Semiurban,false,5.0238805208462765,6642.0,8.80131894766524
LP001066,Male,Yes,Graduate,Yes,9560,0.0,191,360,1,Semiurban,true,5.2574953720277815,9560.0,9.165447603085447
LP001068,Male,Yes,Graduate,No,2799,2253.0,122,360,1,Semiurban,true,4.812184355372417,5052.0,8.527737405291909
LP001073,Male,Yes,Not Graduate,No,4226,1040.0,110,360,1,Urban,true,4.709530201312334,5266.0,8.569216219483389
LP001086,Male,No,Not Graduate,No,1442,0.0,35,360,1,Urban,false,3.58351893845611,1442.0,7.274479558773871
LP001087,Female,No,Graduate,No,3750,2083.0,120,360,1,Semiurban,true,4.795790545596741,5833.0,8.671458150427666
LP001091,Male,Yes,Graduate,No,4166,3369.0,201,360,1,Urban,false,5.308267697401205,7535.0,8.927446816256198
LP001095,Male,No,Graduate,No,3167,0.0,74,360,1,Urban,false,4.31748811353631,3167.0,8.060855752934316
LP001097,Male,No,Graduate,Yes,4692,0.0,106,360,1,Rural,false,4.672828834461906,4692.0,8.453827315794417
LP001098,Male,Yes,Graduate,No,3500,1667.0,114,360,1,Semiurban,true,4.74493212836325,5167.0,8.550241045462437
LP001100,Male,No,Graduate,No,12500,3000.0,320,360,1,Rural,false,5.771441123130016,15500.0,9.648659816955295
LP001106,Male,Yes,Graduate,No,2275,2067.0,146,360,1,Urban,true,4.866324565936641,4342.0,8.376320632534823
LP001109,Male,Yes,Graduate,No,1828,1330.0,100,84,0,Urban,false,4.61512051684126,3158.0,8.058010800802085
LP001112,Female,Yes,Graduate,No,3667,1459.0,144,360,1,Semiurban,true,4.976733742420574,5126.0,8.5422759717837
LP001114,Male,No,Graduate,No,4166,7210.0,184,360,1,Urban,true,5.220355825078324,11376.0,9.339349052539717
LP001116,Male,No,Not Graduate,No,3748,1668.0,110,360,1,Semiurban,true,4.709530201312334,5416.0,8.597297435657898
LP001119,Male,No,Graduate,No,3600,0.0,80,360,1,Urban,false,4.394449154672439,3600.0,8.188966863648876
LP001120,Male,No,Graduate,No,1800,1213.0,47,360,1,Urban,true,3.8712010109078907,3013.0,8.01102337918644
LP001123,Male,Yes,Graduate,No,2400,0.0,75,360,1,Urban,true,4.330733340286331,2400.0,7.783640596221253
LP001131,Male,Yes,Graduate,No,3941,2336.0,134,360,1,Semiurban,true,4.90527477843843,6277.0,8.744806737401898
LP001136,Male,Yes,Not Graduate,Yes,4695,0.0,96,84,1,Urban,true,4.574710978503383,4695.0,8.454466361507933
LP001137,Female,No,Graduate,No,3410,0.0,88,84,1,Urban,true,4.48863636973214,3410.0,8.134760782418645
LP001138,Male,Yes,Graduate,No,5649,0.0,44,360,1,Urban,true,3.8066624897703196,5649.0,8.639410824140487
LP001144,Male,Yes,Graduate,No,5821,0.0,144,360,1,Urban,true,4.976733742420574,5821.0,8.669399124305569
LP001146,Female,Yes,Graduate,No,2645,3440.0,120,360,0,Urban,false,4.795790545596741,6085.0,8.713746330456916
LP001151,Female,No,Graduate,No,4000,2275.0,144,360,1,Semiurban,true,4.976733742420574,6275.0,8.744488113852924
LP001155,Female,Yes,Not Graduate,No,1928,1644.0,100,360,1,Semiurban,true,4.61512051684126,3572.0,8.181160858023409
LP001157,Female,No,Graduate,No,3086,0.0,120,360,1,Semiurban,true,4.795790545596741,3086.0,8.034955024502159
LP001164,Female,No,Graduate,No,4230,0.0,112,360,1,Semiurban,false,4.727387818712341,4230.0,8.350193650720067
LP001179,Male,Yes,Graduate,No,4616,0.0,134,360,1,Urban,false,4.90527477843843,4616.0,8.43750042250699
LP001186,Female,Yes,Graduate,Yes,11500,0.0,286,360,0,Urban,false,5.659482215759621,11500.0,9.350189267092581
LP001194,Male,Yes,Graduate,No,2708,1167.0,97,360,1,Semiurban,true,4.584967478670572,3875.0,8.262558973010657
LP001195,Male,Yes,Graduate,No,2132,1591.0,96,360,1,Semiurban,true,4.574710978503383,3723.0,8.222553638396958
LP001197,Male,Yes,Graduate,No,3366,2200.0,135,360,1,Rural,false,4.912654885736052,5566.0,8.624611588183507
LP001198,Male,Yes,Graduate,No,8080,2250.0,180,360,1,Urban,true,5.198497031265826,10330.0,9.242904362849446
LP001199,Male,Yes,Not Graduate,No,3357,2859.0,144,360,1,Urban,true,4.976733742420574,6216.0,8.735042754269337
LP001205,Male,Yes,Graduate,No,2500,3796.0,120,360,1,Urban,true,4.795790545596741,6296.0,8.747828608488742
LP001206,Male,Yes,Graduate,No,3029,0.0,99,360,1,Urban,true,4.605170185988092,3029.0,8.016317898503415
LP001207,Male,Yes,Not Graduate,Yes,2609,3449.0,165,180,0,Rural,false,5.111987788356544,6058.0,8.70930004894499
LP001213,Male,Yes,Graduate,No,4945,0.0,146,360,0,Rural,false,4.866324565936641,4945.0,8.506334448081361
LP001222,Female,No,Graduate,No,4166,0.0,116,360,0,Semiurban,false,4.762173934797756,4166.0,8.334951631422454
LP001225,Male,Yes,Graduate,No,5726,4595.0,258,360,1,Semiurban,false,5.556828061699537,10321.0,9.242032818708672
LP001228,Male,No,Not Graduate,No,3200,2254.0,126,180,0,Urban,false,4.844187086458591,5454.0,8.604287898267172
LP001233,Male,Yes,Graduate,No,10750,0.0,312,360,1,Urban,true,5.746203190540153,10750.0,9.282754052485227
LP001238,Male,Yes,Not Graduate,Yes,7100,0.0,125,60,1,Urban,true,4.836281906951478,7100.0,8.867990898182093
LP001241,Female,No,Graduate,No,4300,0.0,136,360,0,Semiurban,false,4.919980925828125,4300.0,8.366602832783736
LP001243,Male,Yes,Graduate,No,3208,3066.0,172,360,1,Urban,true,5.153291594497779,6274.0,8.744328763999984
LP001245,Male,Yes,Not Graduate,Yes,1875,1875.0,97,360,1,Semiurban,true,4.584967478670572,3750.0,8.229777750081887
LP001248,Male,No,Graduate,No,3500,0.0,81,300,1,Semiurban,true,4.406719247264253,3500.0,8.160803920954665
LP001250,Male,Yes,Not Graduate,No,4755,0.0,95,84,0,Semiurban,false,4.564348191467836,4755.0,8.467162257810672
LP001253,Male,Yes,Graduate,Yes,5266,1774.0,187,360,1,Semiurban,true,5.236441962829949,7040.0,8.859505484519133
LP001255,Male,No,Graduate,No,3750,0.0,113,480,1,Urban,false,4.736198448394496,3750.0,8.229777750081887
LP001256,Male,No,Graduate,No,3750,4750.0,176,360,1,Urban,false,5.176149732573829,8500.0,9.04793908261736
LP001259,Male,Yes,Graduate,Yes,1000,3022.0,110,360,1,Urban,false,4.709530201312334,4022.0,8.299783171949787
LP001263,Male,Yes,Graduate,No,3167,4000.0,180,300,0,Semiurban,false,5.198497031265826,7167.0,8.877381954654766
LP001264,Male,Yes,Not Graduate,Yes,3333,2166.0,130,360,1,Semiurban,true,4.875197323201151,5499.0,8.612503371220562
LP001265,Female,No,Graduate,No,3846,0.0,111,360,1,Semiurban,true,4.718498871295094,3846.0,8.255048902752295
LP001266,Male,Yes,Graduate,Yes,2395,0.0,146,360,1,Semiurban,true,4.866324565936641,2395.0,7.78155595923534
LP001267,Female,Yes,Graduate,No,1378,1881.0,167,360,1,Urban,false,5.123963979403259,3259.0,8.089482474360754
LP001273,Male,Yes,Graduate,No,6000,2250.0,265,360,1,Semiurban,false,5.583496308781699,8250.0,9.018089684104343
LP001275,Male,Yes,Graduate,No,3988,0.0,50,240,1,Urban,true,3.9318256327243257,3988.0,8.291295851905407
LP001279,Male,No,Graduate,No,2366,2531.0,136,360,1,Semiurban,true,4.919980925828125,4897.0,8.496582237512113
LP001280,Male,Yes,Not Graduate,No,3333,2000.0,99,360,1,Semiurban,true,4.605170185988092,5333.0,8.58185670474196
LP001282,Male,Yes,Graduate,No,2500,2118.0,104,360,1,Semiurban,true,4.653960350157523,4618.0,8.437933510430605
LP001289,Male,No,Graduate,No,8566,0.0,210,360,1,Urban,true,5.351858133476067,8566.0,9.055672891964043
LP001310,Male,Yes,Graduate,No,5695,4167.0,175,360,1,Semiurban,true,5.170483995038152,9862.0,9.196545660953994
LP001316,Male,Yes,Graduate,No,2958,2900.0,131,360,1,Semiurban,true,4.882801922586371,5858.0,8.675734219544788
LP001318,Male,Yes,Graduate,No,6250,5654.0,188,180,1,Semiurban,true,5.241747015059643,11904.0,9.384713758920963
LP001319,Male,Yes,Not Graduate,No,3273,1820.0,81,360,1,Urban,true,4.406719247264253,5093.0,8.535818655539403
LP001322,Male,No,Graduate,No,4133,0.0,122,360,1,Semiurban,true,4.812184355372417,4133.0,8.327000740241713
LP001325,Male,No,Not Graduate,No,3620,0.0,25,120,1,Semiurban,true,3.258096538021482,3620.0,8.19450550976564
LP001326,Male,No,Graduate,No,6782,0.0,146,360,1,Urban,false,4.866324565936641,6782.0,8.82217476094608
LP001327,Female,Yes,Graduate,No,2484,2302.0,137,360,1,Semiurban,true,4.927253685157205,4786.0,8.473659189392508
LP001333,Male,Yes,Graduate,No,1977,997.0,50,360,1,Semiurban,true,3.9318256327243257,2974.0,7.99799931797973
LP001334,Male,Yes,Not Graduate,No,4188,0.0,115,180,1,Semiurban,true,4.7535901911063645,4188.0,8.340217320947035
LP001343,Male,Yes,Graduate,No,1759,3541.0,131,360,1,Semiurban,true,4.882801922586371,5300.0,8.575650760987806
LP001345,Male,Yes,Not Graduate,No,4288,3263.0,133,180,1,Urban,true,4.897839799950911,7551.0,8.929567707825337
LP001349,Male,No,Graduate,No,4843,3806.0,151,360,1,Semiurban,true,5.0238805208462765,8649.0,9.065314599925925
LP001350,Male,Yes,Graduate,No,13650,0.0,146,360,1,Urban,true,4.866324565936641,13650.0,9.521568058002977
LP001356,Male,Yes,Graduate,No,4652,3583.0,146,360,1,Semiurban,true,4.866324565936641,8235.0,9.01627006814768
LP001357,Male,Yes,Graduate,No,3816,754.0,160,360,1,Urban,true,5.081404364984463,4570.0,8.427487278331744
LP001367,Male,Yes,Graduate,No,3052,1030.0,100,360,1,Urban,true,4.61512051684126,4082.0,8.314587291319576
LP001369,Male,Yes,Graduate,No,11417,1126.0,225,360,1,Urban,true,5.420534999272286,12543.0,9.436997742590188
LP001370,Male,No,Not Graduate,No,7333,0.0,120,360,1,Rural,false,4.795790545596741,7333.0,8.900276348631271
LP001379,Male,Yes,Graduate,No,3800,3600.0,216,360,0,Urban,false,5.37989735354046,7400.0,8.909370405197466
LP001384,Male,Yes,Not Graduate,No,2071,754.0,94,480,1,Semiurban,true,4.553876891600541,2825.0,7.946617563244473
LP001385,Male,No,Graduate,No,5316,0.0,136,360,1,Urban,true,4.919980925828125,5316.0,8.57866451350434
LP001387,Female,Yes,Graduate,No,2929,2333.0,139,360,1,Semiurban,true,4.941642422609304,5262.0,8.56845648535378
LP001391,Male,Yes,Not Graduate,No,3572,4114.0,152,84,0,Rural,false,5.030437921392435,7686.0,8.947285869349132
LP001392,Female,No,Graduate,Yes,7451,0.0,146,360,1,Semiurban,true,4.866324565936641,7451.0,8.916237731721479
LP001398,Male,No,Graduate,No,5050,0.0,118,360,1,Semiurban,true,4.77912349311153,5050.0,8.527341522468053
LP001401,Male,Yes,Graduate,No,14583,0.0,185,180,1,Rural,true,5.225746673713202,14583.0,9.5876803163585
LP001404,Female,Yes,Graduate,No,3167,2283.0,154,360,1,Semiurban,true,5.043425116919247,5450.0,8.603554357064281
LP001405,Male,Yes,Graduate,No,2214,1398.0,85,360,1,Urban,true,4.454347296253507,3612.0,8.19229373114764
LP001421,Male,Yes,Graduate,No,5568,2142.0,175,360,1,Rural,false,5.170483995038152,7710.0,8.95040315983296
LP001422,Female,No,Graduate,No,10408,0.0,259,360,1,Urban,true,5.560681631015528,10408.0,9.250426095515468
LP001426,Male,Yes,Graduate,No,5667,2667.0,180,360,1,Rural,true,5.198497031265826,8334.0,9.028218795184895
LP001430,Female,No,Graduate,No,4166,0.0,44,360,1,Semiurban,true,3.8066624897703196,4166.0,8.334951631422454
LP001431,Female,No,Graduate,No,2137,8980.0,137,360,0,Semiurban,true,4.927253685157205,11117.0,9.316320695513415
LP001432,Male,Yes,Graduate,No,2957,0.0,81,360,1,Semiurban,true,4.406719247264253,2957.0,7.992268643270745
LP001439,Male,Yes,Not Graduate,No,4300,2014.0,194,360,1,Rural,true,5.272999558563747,6314.0,8.750683034784592
LP001443,Female,No,Graduate,No,3692,0.0,93,360,1,Rural,true,4.543294782270004,3692.0,8.214194414852564
LP001448,Male,Yes,Graduate,No,23803,0.0,370,360,1,Rural,true,5.916202062607435,23803.0,10.077608912764743
LP001449,Male,No,Graduate,No,3865,1640.0,146,360,1,Rural,true,4.866324565936641,5505.0,8.613593685702552
LP001451,Male,Yes,Graduate,Yes,10513,3850.0,160,180,0,Urban,false,5.081404364984463,14363.0,9.572480355345974
LP001465,Male,Yes,Graduate,No,6080,2569.0,182,360,1,Rural,false,5.209486152841421,8649.0,9.065314599925925
LP001469,Male,No,Graduate,Yes,20166,0.0,650,480,1,Urban,true,6.478509642208569,20166.0,9.911802884139842
LP001473,Male,No,Graduate,No,2014,1929.0,74,360,1,Urban,true,4.31748811353631,3943.0,8.279950715722526
LP001478,Male,No,Graduate,No,2718,0.0,70,360,1,Semiurban,true,4.2626798770413155,2718.0,7.908019444632471
LP001482,Male,Yes,Graduate,Yes,3459,0.0,25,120,1,Semiurban,true,3.258096538021482,3459.0,8.14902386805177
LP001487,Male,No,Graduate,No,4895,0.0,102,360,1,Semiurban,true,4.634728988229636,4895.0,8.496173824192162
LP001488,Male,Yes,Graduate,No,4000,7750.0,290,360,1,Semiurban,false,5.673323267171493,11750.0,9.371693622333941
LP001489,Female,Yes,Graduate,No,4583,0.0,84,360,1,Rural,false,4.442651256490317,4583.0,8.430327258394575
LP001491,Male,Yes,Graduate,Yes,3316,3500.0,88,360,1,Urban,true,4.48863636973214,6816.0,8.827174771362785
LP001492,Male,No,Graduate,No,14999,0.0,242,360,0,Semiurban,false,5.493061443340548,14999.0,9.615805480084347
LP001493,Male,Yes,Not Graduate,No,4200,1430.0,129,360,1,Rural,false,4.867534450455582,5630.0,8.636042325254618
LP001497,Male,Yes,Graduate,No,5042,2083.0,185,360,1,Rural,false,5.225746673713202,7125.0,8.871505346165781
LP001498,Male,No,Graduate,No,5417,0.0,168,360,1,Urban,true,5.1298987149230735,5417.0,8.59748202264504
LP001504,Male,No,Graduate,Yes,6950,0.0,175,180,1,Semiurban,true,5.170483995038152,6950.0,8.846640813100485
LP001507,Male,Yes,Graduate,No,2698,2034.0,122,360,1,Semiurban,true,4.812184355372417,4732.0,8.462314529906248
LP001508,Male,Yes,Graduate,No,11757,0.0,187,180,1,Urban,true,5.236441962829949,11757.0,9.3722891389622
LP001514,Female,Yes,Graduate,No,2330,4486.0,100,360,1,Semiurban,true,4.61512051684126,6816.0,8.827174771362785
LP001516,Female,Yes,Graduate,No,14866,0.0,70,360,1,Urban,true,4.2626798770413155,14866.0,9.60689927061335
LP001518,Male,Yes,Graduate,No,1538,1425.0,30,360,1,Urban,true,3.4339872044851463,2963.0,7.994294986415977
LP001519,Female,No,Graduate,No,10000,1666.0,225,360,1,Rural,false,5.420534999272286,11666.0,9.364519622823856
LP001520,Male,Yes,Graduate,No,4860,830.0,125,360,1,Semiurban,true,4.836281906951478,5690.0,8.646641258603124
LP001528,Male,No,Graduate,No,6277,0.0,118,360,0,Rural,false,4.77912349311153,6277.0,8.744806737401898
LP001529,Male,Yes,Graduate,Yes,2577,3750.0,152,360,1,Rural,true,5.030437921392435,6327.0,8.75273950944749
LP001531,Male,No,Graduate,No,9166,0.0,244,360,1,Urban,false,5.501258210544727,9166.0,9.123365357961776
LP001532,Male,Yes,Not Graduate,No,2281,0.0,113,360,1,Rural,false,4.736198448394496,2281.0,7.732807530422021
LP001535,Male,No,Graduate,No,3254,0.0,50,360,1,Urban,true,3.9318256327243257,3254.0,8.08794755464267
LP001536,Male,Yes,Graduate,No,39999,0.0,600,180,0,Semiurban,true,6.398594934535208,39999.0,10.596634733096073
LP001541,Male,Yes,Graduate,No,6000,0.0,160,360,1,Rural,true,5.081404364984463,6000.0,8.699681400989514
LP001543,Male,Yes,Graduate,No,9538,0.0,187,360,1,Urban,true,5.236441962829949,9538.0,9.163143937145207
LP001546,Male,No,Graduate,No,2980,2083.0,120,360,1,Rural,true,4.795790545596741,5063.0,8.529911963824013
LP001552,Male,Yes,Graduate,No,4583,5625.0,255,360,1,Semiurban,true,5.545177444479562,10208.0,9.231024963169016
LP001560,Male,Yes,Not Graduate,No,1863,1041.0,98,360,1,Semiurban,true,4.59511985013459,2904.0,7.974188669286011
LP001562,Male,Yes,Graduate,No,7933,0.0,275,360,1,Urban,false,5.62040086571715,7933.0,8.978912601074276
LP001565,Male,Yes,Graduate,No,3089,1280.0,121,360,0,Semiurban,false,4.804021044733257,4369.0,8.382518288089635
LP001570,Male,Yes,Graduate,No,4167,1447.0,158,360,1,Rural,true,5.0689042022202315,5614.0,8.633196867172543
LP001572,Male,Yes,Graduate,No,9323,0.0,75,180,1,Urban,true,4.330733340286331,9323.0,9.140347000155648
LP001574,Male,Yes,Graduate,No,3707,3166.0,182,84,1,Rural,true,5.209486152841421,6873.0,8.835501457409778
LP001577,Female,Yes,Graduate,No,4583,0.0,112,360,1,Rural,false,4.727387818712341,4583.0,8.430327258394575
LP001578,Male,Yes,Graduate,No,2439,3333.0,129,360,1,Rural,true,4.867534450455582,5772.0,8.660947155060933
LP001579,Male,No,Graduate,No,2237,0.0,63,480,0,Semiurban,false,4.1588830833596715,2237.0,7.71333788887187
LP001580,Male,Yes,Graduate,No,8000,0.0,200,360,1,Semiurban,true,5.303304908059076,8000.0,8.987321812850125
LP001581,Male,Yes,Not Graduate,No,1820,1769.0,95,360,1,Rural,true,4.564348191467836,3589.0,8.185907481482324
LP001585,Male,Yes,Graduate,No,51763,0.0,700,300,1,Urban,true,6.55250788703459,51763.0,10.85445020594156
LP001586,Male,Yes,Not Graduate,No,3522,0.0,81,180,1,Rural,false,4.406719247264253,3522.0,8.167068178341237
LP001594,Male,Yes,Graduate,No,5708,5625.0,187,360,1,Semiurban,true,5.236441962829949,11333.0,9.335562336729565
LP001603,Male,Yes,Not Graduate,Yes,4344,736.0,87,360,1,Semiurban,false,4.477336814478207,5080.0,8.533263371593732
LP001606,Male,Yes,Graduate,No,3497,1964.0,116,360,1,Rural,true,4.762173934797756,5461.0,8.60557030203365
LP001608,Male,Yes,Graduate,No,2045,1619.0,101,360,1,Rural,true,4.624972813284271,3664.0,8.206583614320753
LP001610,Male,Yes,Graduate,No,5516,11300.0,495,360,0,Semiurban,false,6.206575926724928,16816.0,9.73014555852275
LP001616,Male,Yes,Graduate,No,3750,0.0,116,360,1,Semiurban,true,4.762173934797756,3750.0,8.229777750081887
LP001630,Male,No,Not Graduate,No,2333,1451.0,102,480,0,Urban,false,4.634728988229636,3784.0,8.23880116587155
LP001633,Male,Yes,Graduate,No,6400,7250.0,180,360,0,Urban,false,5.198497031265826,13650.0,9.521568058002977
LP001634,Male,No,Graduate,No,1916,5063.0,67,360,1,Rural,false,4.219507705176107,6979.0,8.850804195756417
LP001636,Male,Yes,Graduate,No,4600,0.0,73,180,1,Semiurban,true,4.304065093204169,4600.0,8.434028950155469
LP001637,Male,Yes,Graduate,No,33846,0.0,260,360,1,Semiurban,false,5.564520407322694,33846.0,10.429605648120413
LP001639,Female,Yes,Graduate,No,3625,0.0,108,360,1,Semiurban,true,4.6913478822291435,3625.0,8.195885391314796
LP001640,Male,Yes,Graduate,Yes,39147,4750.0,120,360,1,Semiurban,true,4.795790545596741,43897.0,10.6896240399389
LP001641,Male,Yes,Graduate,Yes,2178,0.0,66,300,0,Rural,false,4.204692619390966,2178.0,7.68662133494462
LP001643,Male,Yes,Graduate,No,2383,2138.0,58,360,1,Rural,true,4.07753744390572,4521.0,8.416709652837914
LP001644,Male,Yes,Graduate,Yes,674,5296.0,168,360,1,Rural,true,5.1298987149230735,5970.0,8.694669696546992
LP001647,Male,Yes,Graduate,No,9328,0.0,188,180,1,Rural,true,5.241747015059643,9328.0,9.140883106960962
LP001653,Male,No,Not Graduate,No,4885,0.0,48,360,1,Rural,true,3.8918202981106265,4885.0,8.494129251817686
LP001656,Male,No,Graduate,No,12000,0.0,164,360,1,Semiurban,false,5.10594547390058,12000.0,9.392745258631441
LP001657,Male,Yes,Not Graduate,No,6033,0.0,160,360,1,Urban,false,5.081404364984463,6033.0,8.705165419719007
LP001658,Male,No,Graduate,No,3858,0.0,76,360,1,Semiurban,true,4.343805421853684,3858.0,8.258163361537619
LP001664,Male,No,Graduate,No,4191,0.0,120,360,1,Rural,true,4.795790545596741,4191.0,8.340933226000878
LP001665,Male,Yes,Graduate,No,3125,2583.0,170,360,1,Semiurban,false,5.14166355650266,5708.0,8.64979915596426
LP001666,Male,No,Graduate,No,8333,3750.0,187,360,1,Rural,true,5.236441962829949,12083.0,9.399637542506563
LP001669,Female,No,Not Graduate,No,1907,2365.0,120,84,1,Urban,true,4.795790545596741,4272.0,8.360071435644025
LP001671,Female,Yes,Graduate,No,3416,2816.0,113,360,1,Semiurban,true,4.736198448394496,6232.0,8.73761303680885
LP001673,Male,No,Graduate,Yes,11000,0.0,83,360,1,Urban,false,4.430816798843313,11000.0,9.305741456739435
LP001674,Male,Yes,Not Graduate,No,2600,2500.0,90,360,1,Semiurban,true,4.51085950651685,5100.0,8.537191877922927
LP001677,Male,No,Graduate,No,4923,0.0,166,360,0,Semiurban,true,5.117993812416755,4923.0,8.501876487304344
LP001682,Male,Yes,Not Graduate,No,3992,0.0,146,180,1,Urban,false,4.866324565936641,3992.0,8.292298107063221
LP001688,Male,Yes,Not Graduate,No,3500,1083.0,135,360,1,Urban,true,4.912654885736052,4583.0,8.430327258394575
LP001691,Male,Yes,Not Graduate,No,3917,0.0,124,360,1,Semiurban,true,4.8283137373023015,3917.0,8.273336598504486
LP001692,Female,No,Not Graduate,No,4408,0.0,120,360,1,Semiurban,true,4.795790545596741,4408.0,8.391403185357937
LP001693,Female,No,Graduate,No,3244,0.0,80,360,1,Urban,true,4.394449154672439,3244.0,8.08487062913819
LP001698,Male,No,Not Graduate,No,3975,2531.0,55,360,1,Rural,true,4.02535169073515,6506.0,8.780633799494984
LP001699,Male,No,Graduate,No,2479,0.0,59,360,1,Urban,true,4.0943445622221,2479.0,7.8160138391590275
LP001702,Male,No,Graduate,No,3418,0.0,127,360,1,Semiurban,false,4.852030263919617,3418.0,8.137103389639302
LP001708,Female,No,Graduate,No,10000,0.0,214,360,1,Semiurban,false,5.3706380281276624,10000.0,9.210440366976517
LP001711,Male,Yes,Graduate,No,3430,1250.0,128,360,0,Semiurban,false,4.859812404361672,4680.0,8.45126704130007
LP001713,Male,Yes,Graduate,Yes,7787,0.0,240,360,1,Urban,true,5.484796933490655,7787.0,8.960339366492091
LP001715,Male,Yes,Not Graduate,Yes,5703,0.0,130,360,1,Rural,true,4.875197323201151,5703.0,8.648922962094131
LP001716,Male,Yes,Graduate,No,3173,3021.0,137,360,1,Urban,true,4.927253685157205,6194.0,8.731497794063243
LP001720,Male,Yes,Not Graduate,No,3850,983.0,100,360,1,Semiurban,true,4.61512051684126,4833.0,8.483429561263428
LP001722,Male,Yes,Graduate,No,150,1800.0,135,360,1,Rural,false,4.912654885736052,1950.0,7.576097340623111
LP001726,Male,Yes,Graduate,No,3727,1775.0,131,360,1,Semiurban,true,4.882801922586371,5502.0,8.613048677059759
LP001732,Male,Yes,Graduate,No,5000,0.0,72,360,0,Semiurban,false,4.290459441148391,5000.0,8.517393171418904
LP001734,Female,Yes,Graduate,No,4283,2383.0,127,360,1,Semiurban,true,4.852030263919617,6666.0,8.80492526261806
LP001736,Male,Yes,Graduate,No,2221,0.0,60,360,0,Urban,false,4.110873864173311,2221.0,7.706162970199575
LP001743,Male,Yes,Graduate,No,4009,1717.0,116,360,1,Semiurban,true,4.762173934797756,5726.0,8.652947112393857
LP001744,Male,No,Graduate,No,2971,2791.0,144,360,1,Semiurban,true,4.976733742420574,5762.0,8.659213451436667
LP001749,Male,Yes,Graduate,No,7578,1010.0,175,84,1,Semiurban,true,5.170483995038152,8588.0,9.058237593766226
LP001750,Male,Yes,Graduate,No,6250,0.0,128,360,1,Semiurban,true,4.859812404361672,6250.0,8.740496729931813
LP001751,Male,Yes,Graduate,No,3250,0.0,170,360,1,Rural,false,5.14166355650266,3250.0,8.086717920303906
LP001754,Male,Yes,Not Graduate,Yes,4735,0.0,138,360,1,Urban,false,4.9344739331306915,4735.0,8.462948176563842
LP001758,Male,Yes,Graduate,No,6250,1695.0,210,360,1,Semiurban,true,5.351858133476067,7945.0,8.980423936374544
LP001760,Male,Yes,Graduate,No,4758,0.0,158,480,1,Semiurban,true,5.0689042022202315,4758.0,8.46779284112111
LP001761,Male,No,Graduate,Yes,6400,0.0,200,360,1,Rural,true,5.303304908059076,6400.0,8.764209507142004
LP001765,Male,Yes,Graduate,No,2491,2054.0,104,360,1,Semiurban,true,4.653960350157523,4545.0,8.422003004412488
LP001768,Male,Yes,Graduate,No,3716,0.0,42,180,1,Rural,true,3.7612001156935624,3716.0,8.220672170297252
LP001770,Male,No,Not Graduate,No,3189,2598.0,120,84,1,Rural,true,4.795790545596741,5787.0,8.663542087751374
LP001776,Female,No,Graduate,No,8333,0.0,280,360,1,Semiurban,true,5.638354669333745,8333.0,9.0280988119824
LP001778,Male,Yes,Graduate,No,3155,1779.0,140,360,1,Semiurban,true,4.948759890378168,4934.0,8.504107951867582
LP001784,Male,Yes,Graduate,No,5500,1260.0,170,360,1,Rural,true,5.14166355650266,6760.0,8.818926087090677
LP001786,Male,Yes,Graduate,No,5746,0.0,255,360,1,Urban,false,5.545177444479562,5746.0,8.656433258507741
LP001788,Female,No,Graduate,Yes,3463,0.0,122,360,1,Urban,true,4.812184355372417,3463.0,8.150179269682326
LP001790,Female,No,Graduate,No,3812,0.0,112,360,1,Rural,true,4.727387818712341,3812.0,8.246171559857563
LP001792,Male,Yes,Graduate,No,3315,0.0,96,360,1,Semiurban,true,4.574710978503383,3315.0,8.106514516255185
LP001798,Male,Yes,Graduate,No,5819,5000.0,120,360,1,Rural,true,4.795790545596741,10819.0,9.289151552400472
LP001800,Male,Yes,Not Graduate,No,2510,1983.0,140,180,1,Urban,false,4.948759890378168,4493.0,8.410498452745275
LP001806,Male,No,Graduate,No,2965,5701.0,155,60,1,Urban,true,5.049856007249537,8666.0,9.067277989134345
LP001807,Male,Yes,Graduate,Yes,6250,1300.0,108,360,1,Rural,true,4.6913478822291435,7550.0,8.929435283803425
LP001811,Male,Yes,Not Graduate,No,3406,4417.0,123,360,1,Semiurban,true,4.820281565605037,7823.0,8.964951211714654
LP001813,Male,No,Graduate,Yes,6050,4333.0,120,180,1,Urban,false,4.795790545596741,10383.0,9.248021438943871
LP001814,Male,Yes,Graduate,No,9703,0.0,112,360,1,Urban,true,4.727387818712341,9703.0,9.180293450623886
LP001819,Male,Yes,Not Graduate,No,6608,0.0,137,180,1,Urban,true,4.927253685157205,6608.0,8.796187635470453
LP001824,Male,Yes,Graduate,No,2882,1843.0,123,480,1,Semiurban,true,4.820281565605037,4725.0,8.460834457746854
LP001825,Male,Yes,Graduate,No,1809,1868.0,90,360,1,Urban,true,4.51085950651685,3677.0,8.210124405164267
LP001835,Male,Yes,Not Graduate,No,1668,3890.0,201,360,0,Semiurban,false,5.308267697401205,5558.0,8.62317351495347
LP001836,Female,No,Graduate,No,3427,0.0,138,360,1,Urban,false,4.9344739331306915,3427.0,8.13973227971767
LP001841,Male,No,Not Graduate,Yes,2583,2167.0,104,360,1,Rural,true,4.653960350157523,4750.0,8.46611040118692
LP001843,Male,Yes,Not Graduate,No,2661,7101.0,279,180,1,Semiurban,true,5.634789603169249,9762.0,9.186355009225672
LP001844,Male,No,Graduate,Yes,16250,0.0,192,360,0,Urban,false,5.262690188904886,16250.0,9.69590972432601
LP001846,Female,No,Graduate,No,3083,0.0,255,360,1,Rural,true,5.545177444479562,3083.0,8.03398273468322
LP001849,Male,No,Not Graduate,No,6045,0.0,115,360,0,Rural,false,4.7535901911063645,6045.0,8.707152175339404
LP001854,Male,Yes,Graduate,No,5250,0.0,94,360,1,Urban,false,4.553876891600541,5250.0,8.566173813637858
LP001859,Male,Yes,Graduate,No,14683,2100.0,304,360,1,Rural,false,5.720311776607412,16783.0,9.728181330636078
LP001864,Male,Yes,Not Graduate,No,4931,0.0,128,360,1,Semiurban,false,4.859812404361672,4931.0,8.503499864284235
LP001865,Male,Yes,Graduate,No,6083,4250.0,330,360,1,Urban,true,5.802118375377063,10333.0,9.24319470884713
LP001868,Male,No,Graduate,No,2060,2209.0,134,360,1,Semiurban,true,4.90527477843843,4269.0,8.35936910622267
LP001870,Female,No,Graduate,No,3481,0.0,155,36,1,Semiurban,false,5.049856007249537,3481.0,8.155362120328135
LP001871,Female,No,Graduate,No,7200,0.0,120,360,1,Rural,true,4.795790545596741,7200.0,8.881975184248867
LP001872,Male,No,Graduate,Yes,5166,0.0,128,360,1,Semiurban,true,4.859812404361672,5166.0,8.550047528287184
LP001875,Male,No,Graduate,No,4095,3447.0,151,360,1,Rural,true,5.0238805208462765,7542.0,8.928375259853631
LP001877,Male,Yes,Graduate,No,4708,1387.0,150,360,1,Semiurban,true,5.017279836814924,6095.0,8.715388097366482
LP001882,Male,Yes,Graduate,No,4333,1811.0,160,360,0,Urban,true,5.081404364984463,6144.0,8.723394022000136
LP001883,Female,No,Graduate,No,3418,0.0,135,360,1,Rural,false,4.912654885736052,3418.0,8.137103389639302
LP001884,Female,No,Graduate,No,2876,1560.0,90,360,1,Urban,true,4.51085950651685,4436.0,8.39773375137891
LP001888,Female,No,Graduate,No,3237,0.0,30,360,1,Urban,true,3.4339872044851463,3237.0,8.08271113423758
LP001891,Male,Yes,Graduate,No,11146,0.0,136,360,1,Urban,true,4.919980925828125,11146.0,9.318925682389624
LP001892,Male,No,Graduate,No,2833,1857.0,126,360,1,Rural,true,4.844187086458591,4690.0,8.453401058328458
LP001894,Male,Yes,Graduate,No,2620,2223.0,150,360,1,Semiurban,true,5.017279836814924,4843.0,8.485496104672983
LP001896,Male,Yes,Graduate,No,3900,0.0,90,360,1,Semiurban,true,4.51085950651685,3900.0,8.268988209506656
LP001900,Male,Yes,Graduate,No,2750,1842.0,115,360,1,Semiurban,true,4.7535901911063645,4592.0,8.432288684325794
LP001903,Male,Yes,Graduate,No,3993,3274.0,207,360,1,Semiurban,true,5.337538079701318,7267.0,8.891236429516061
LP001904,Male,Yes,Graduate,No,3103,1300.0,80,360,1,Urban,true,4.394449154672439,4403.0,8.390268497842571
LP001907,Male,Yes,Graduate,No,14583,0.0,436,360,1,Semiurban,true,6.07993319509559,14583.0,9.5876803163585
LP001908,Female,Yes,Not Graduate,No,4100,0.0,124,360,1,Rural,true,4.8283137373023015,4100.0,8.31898612539206
LP001910,Male,No,Not Graduate,Yes,4053,2426.0,158,360,0,Urban,false,5.0689042022202315,6479.0,8.776475789346321
LP001914,Male,Yes,Graduate,No,3927,800.0,112,360,1,Semiurban,true,4.727387818712341,4727.0,8.461257559085935
LP001915,Male,Yes,Graduate,No,2301,985.7999878,78,180,1,Urban,true,4.3694478524670215,3286.7999878,8.097973923364721
LP001917,Female,No,Graduate,No,1811,1666.0,54,360,1,Urban,true,4.007333185232471,3477.0,8.154212694914229
LP001922,Male,Yes,Graduate,No,20667,0.0,146,360,1,Rural,false,4.866324565936641,20667.0,9.936341889407075
LP001924,Male,No,Graduate,No,3158,3053.0,89,360,1,Rural,true,4.499809670330265,6211.0,8.734238184268577
LP001925,Female,No,Graduate,Yes,2600,1717.0,99,300,1,Semiurban,false,4.605170185988092,4317.0,8.370547611074752
LP001926,Male,Yes,Graduate,No,3704,2000.0,120,360,1,Rural,true,4.795790545596741,5704.0,8.649098262296176
LP001931,Female,No,Graduate,No,4124,0.0,115,360,1,Semiurban,true,4.7535901911063645,4124.0,8.324821298768782
LP001935,Male,No,Graduate,No,9508,0.0,187,360,1,Rural,true,5.236441962829949,9508.0,9.159993997539445
LP001936,Male,Yes,Graduate,No,3075,2416.0,139,360,1,Rural,true,4.941642422609304,5491.0,8.61104776688786
LP001938,Male,Yes,Graduate,No,4400,0.0,127,360,0,Semiurban,false,4.852030263919617,4400.0,8.38958706681109
LP001940,Male,Yes,Graduate,No,3153,1560.0,134,360,1,Urban,true,4.90527477843843,4713.0,8.458292083496076
LP001945,Female,No,Graduate,No,5417,0.0,143,480,0,Urban,false,4.969813299576001,5417.0,8.59748202264504
LP001947,Male,Yes,Graduate,No,2383,3334.0,172,360,1,Semiurban,true,5.153291594497779,5717.0,8.651374372882257
LP001949,Male,Yes,Graduate,No,4416,1250.0,110,360,1,Urban,true,4.709530201312334,5666.0,8.64241515616962
LP001953,Male,Yes,Graduate,No,6875,0.0,200,360,1,Semiurban,true,5.303304908059076,6875.0,8.83579236650274
LP001954,Female,Yes,Graduate,No,4666,0.0,135,360,1,Urban,true,4.912654885736052,4666.0,8.448271745949816
LP001955,Female,No,Graduate,No,5000,2541.0,151,480,1,Rural,false,5.0238805208462765,7541.0,8.928242677818302
LP001963,Male,Yes,Graduate,No,2014,2925.0,113,360,1,Urban,false,4.736198448394496,4939.0,8.505120610181969
LP001964,Male,Yes,Not Graduate,No,1800,2934.0,93,360,0,Urban,false,4.543294782270004,4734.0,8.462737005620179
LP001972,Male,Yes,Not Graduate,No,2875,1750.0,105,360,1,Semiurban,true,4.663439094112067,4625.0,8.439447842791385
LP001974,Female,No,Graduate,No,5000,0.0,132,360,1,Rural,true,4.890349128221754,5000.0,8.517393171418904
LP001977,Male,Yes,Graduate,No,1625,1803.0,96,360,1,Urban,true,4.574710978503383,3428.0,8.14002395246292
LP001978,Male,No,Graduate,No,4000,2500.0,140,360,1,Rural,true,4.948759890378168,6500.0,8.77971129020447
LP001990,Male,No,Not Graduate,No,2000,0.0,146,360,1,Urban,false,4.866324565936641,2000.0,7.601402334583733
LP001993,Female,No,Graduate,No,3762,1666.0,135,360,1,Rural,true,4.912654885736052,5428.0,8.599510233905452
LP001994,Female,No,Graduate,No,2400,1863.0,104,360,0,Urban,false,4.653960350157523,4263.0,8.357962965845681
LP001996,Male,No,Graduate,No,20233,0.0,480,360,1,Rural,false,6.175867270105761,20233.0,9.915119636765835
LP001998,Male,Yes,Not Graduate,No,7667,0.0,185,360,1,Rural,true,5.225746673713202,7667.0,8.944811104165534
LP002002,Female,No,Graduate,No,2917,0.0,84,360,1,Semiurban,true,4.442651256490317,2917.0,7.978653729082731
LP002004,Male,No,Not Graduate,No,2927,2405.0,111,360,1,Semiurban,true,4.718498871295094,5332.0,8.581669210600602
LP002006,Female,No,Graduate,No,2507,0.0,56,360,1,Rural,true,4.04305126783455,2507.0,7.827240901752812
LP002008,Male,Yes,Graduate,Yes,5746,0.0,144,84,1,Rural,true,4.976733742420574,5746.0,8.656433258507741
LP002024,Male,Yes,Graduate,No,2473,1843.0,159,360,1,Rural,false,5.075173815233827,4316.0,8.370315995555478
LP002031,Male,Yes,Not Graduate,No,3399,1640.0,111,180,1,Urban,true,4.718498871295094,5039.0,8.525161361065415
LP002035,Male,Yes,Graduate,No,3717,0.0,120,360,1,Semiurban,true,4.795790545596741,3717.0,8.220941168281389
LP002036,Male,Yes,Graduate,No,2058,2134.0,88,360,1,Urban,true,4.48863636973214,4192.0,8.341171747170762
LP002043,Female,No,Graduate,No,3541,0.0,112,360,1,Semiurban,true,4.727387818712341,3541.0,8.17244681834278
LP002050,Male,Yes,Graduate,Yes,10000,0.0,155,360,1,Rural,false,5.049856007249537,10000.0,9.210440366976517
LP002051,Male,Yes,Graduate,No,2400,2167.0,115,360,1,Semiurban,true,4.7535901911063645,4567.0,8.426830751335846
LP002053,Male,Yes,Graduate,No,4342,189.0,124,360,1,Semiurban,true,4.8283137373023015,4531.0,8.418918622147897
LP002054,Male,Yes,Not Graduate,No,3601,1590.0,146,360,1,Rural,true,4.866324565936641,5191.0,8.554874258383926
LP002055,Female,No,Graduate,No,3166,2985.0,132,360,1,Rural,true,4.890349128221754,6151.0,8.72453251118548
LP002065,Male,Yes,Graduate,No,15000,0.0,300,360,1,Rural,true,5.707110264748875,15000.0,9.61587214452889
LP002067,Male,Yes,Graduate,Yes,8666,4983.0,376,360,0,Rural,false,5.932245187448011,13649.0,9.521494800613105
LP002068,Male,No,Graduate,No,4917,0.0,130,360,0,Rural,true,4.875197323201151,4917.0,8.500657222776137
LP002082,Male,Yes,Graduate,Yes,5818,2160.0,184,360,1,Semiurban,true,5.220355825078324,7978.0,8.984568369308281
LP002086,Female,Yes,Graduate,No,4333,2451.0,110,360,1,Urban,false,4.709530201312334,6784.0,8.82246957226897
LP002087,Female,No,Graduate,No,2500,0.0,67,360,1,Urban,true,4.219507705176107,2500.0,7.824445930877619
LP002097,Male,No,Graduate,No,4384,1793.0,117,360,1,Urban,true,4.770684624465665,6177.0,8.728749873478527
LP002098,Male,No,Graduate,No,2935,0.0,98,360,1,Semiurban,true,4.59511985013459,2935.0,7.984803389734406
LP002100,Male,No,Graduate,No,2833,0.0,71,360,1,Urban,true,4.276666119016055,2833.0,7.949444420250626
LP002101,Male,Yes,Graduate,No,63337,0.0,490,180,1,Urban,true,6.19644412779452,63337.0,11.056240743970491
LP002103,Male,Yes,Graduate,Yes,9833,1833.0,182,180,1,Urban,true,5.209486152841421,11666.0,9.364519622823856
LP002106,Male,Yes,Graduate,Yes,5503,4490.0,70,84,1,Semiurban,true,4.2626798770413155,9993.0,9.20974019190415
LP002110,Male,Yes,Graduate,No,5250,688.0,160,360,1,Rural,true,5.081404364984463,5938.0,8.68929604801586
LP002112,Male,Yes,Graduate,Yes,2500,4600.0,176,360,1,Rural,true,5.176149732573829,7100.0,8.867990898182093
LP002113,Female,No,Not Graduate,No,1830,0.0,146,360,0,Urban,false,4.866324565936641,1830.0,7.5126175446745105
LP002114,Female,No,Graduate,No,4160,0.0,71,360,1,Semiurban,true,4.276666119016055,4160.0,8.333510708982942
LP002115,Male,Yes,Not Graduate,No,2647,1587.0,173,360,1,Rural,false,5.159055299214529,4234.0,8.351138607086154
LP002116,Female,No,Graduate,No,2378,0.0,46,360,1,Rural,false,3.8501476017100584,2378.0,7.774435510302958
LP002119,Male,Yes,Not Graduate,No,4554,1229.0,158,360,1,Urban,true,5.0689042022202315,5783.0,8.6628507638386
LP002126,Male,Yes,Not Graduate,No,3173,0.0,74,360,1,Semiurban,true,4.31748811353631,3173.0,8.062747901086354
LP002128,Male,Yes,Graduate,No,2583,2330.0,125,360,1,Rural,true,4.836281906951478,4913.0,8.499843553081124
LP002129,Male,Yes,Graduate,No,2499,2458.0,160,360,1,Semiurban,true,5.081404364984463,4957.0,8.508757712595136
LP002130,Male,Yes,Not Graduate,No,3523,3230.0,152,360,0,Rural,false,5.030437921392435,6753.0,8.817890200945513
LP002131,Male,Yes,Not Graduate,No,3083,2168.0,126,360,1,Urban,true,4.844187086458591,5251.0,8.566364235422688
LP002137,Male,Yes,Graduate,No,6333,4583.0,259,360,1,Semiurban,true,5.560681631015528,10916.0,9.29807648628027
LP002138,Male,Yes,Graduate,No,2625,6250.0,187,360,1,Rural,true,5.236441962829949,8875.0,9.091106284052485
LP002139,Male,Yes,Graduate,No,9083,0.0,228,360,1,Semiurban,true,5.43372200355424,9083.0,9.114269903225448
LP002140,Male,No,Graduate,No,8750,4167.0,308,360,1,Rural,false,5.733341276897746,12917.0,9.466376966592419
LP002141,Male,Yes,Graduate,No,2666,2083.0,95,360,1,Rural,true,4.564348191467836,4749.0,8.465899897028686
LP002142,Female,Yes,Graduate,Yes,5500,0.0,105,360,0,Rural,false,4.663439094112067,5500.0,8.612685172875459
LP002143,Female,Yes,Graduate,No,2423,505.0,130,360,1,Semiurban,true,4.875197323201151,2928.0,7.982416346827733
LP002144,Female,No,Graduate,No,3813,0.0,116,180,1,Urban,true,4.762173934797756,3813.0,8.246433786160365
LP002149,Male,Yes,Graduate,No,8333,3167.0,165,360,1,Rural,true,5.111987788356544,11500.0,9.350189267092581
LP002151,Male,Yes,Graduate,No,3875,0.0,67,360,1,Urban,false,4.219507705176107,3875.0,8.262558973010657
LP002158,Male,Yes,Not Graduate,No,3000,1666.0,100,480,0,Urban,false,4.61512051684126,4666.0,8.448271745949816
LP002160,Male,Yes,Graduate,No,5167,3167.0,200,360,1,Semiurban,true,5.303304908059076,8334.0,9.028218795184895
LP002161,Female,No,Graduate,No,4723,0.0,81,360,1,Semiurban,false,4.406719247264253,4723.0,8.460411177317253
LP002170,Male,Yes,Graduate,No,5000,3667.0,236,360,1,Semiurban,true,5.4680601411351315,8667.0,9.067393362656249
LP002175,Male,Yes,Graduate,No,4750,2333.0,130,360,1,Urban,true,4.875197323201151,7083.0,8.865593998902725
LP002178,Male,Yes,Graduate,No,3013,3033.0,95,300,1,Urban,true,4.564348191467836,6046.0,8.707317560273212
LP002180,Male,No,Graduate,Yes,6822,0.0,141,360,1,Rural,true,4.955827057601261,6822.0,8.828054536815424
LP002181,Male,No,Not Graduate,No,6216,0.0,133,360,1,Rural,false,4.897839799950911,6216.0,8.735042754269337
LP002187,Male,No,Graduate,No,2500,0.0,96,480,1,Semiurban,false,4.574710978503383,2500.0,7.824445930877619
LP002188,Male,No,Graduate,No,5124,0.0,124,84,0,Rural,false,4.8283137373023015,5124.0,8.54188580400661
LP002190,Male,Yes,Graduate,No,6325,0.0,175,360,1,Semiurban,true,5.170483995038152,6325.0,8.752423403865594
LP002191,Male,Yes,Graduate,No,19730,5266.0,570,360,1,Rural,false,6.3473892096560105,24996.0,10.126511096649761
LP002194,Female,No,Graduate,Yes,15759,0.0,55,360,1,Semiurban,true,4.02535169073515,15759.0,9.66523036341187
LP002197,Male,Yes,Graduate,No,5185,0.0,155,360,1,Semiurban,true,5.049856007249537,5185.0,8.55371796609861
LP002201,Male,Yes,Graduate,Yes,9323,7873.0,380,300,1,Rural,true,5.942799375126701,17196.0,9.7524902289842
LP002205,Male,No,Graduate,No,3062,1987.0,111,180,0,Urban,false,4.718498871295094,5049.0,8.527143522269405
LP002209,Female,No,Graduate,No,2764,1459.0,110,360,1,Urban,true,4.709530201312334,4223.0,8.348537825386098
LP002211,Male,Yes,Graduate,No,4817,923.0,120,180,1,Urban,true,4.795790545596741,5740.0,8.655388690167637
LP002219,Male,Yes,Graduate,No,8750,4996.0,130,360,1,Rural,true,4.875197323201151,13746.0,9.52857589747142
LP002223,Male,Yes,Graduate,No,4310,0.0,130,360,1,Semiurban,true,4.875197323201151,4310.0,8.368925174747135
LP002224,Male,No,Graduate,No,3069,0.0,71,480,1,Urban,false,4.276666119016055,3069.0,8.029432840581244
LP002225,Male,Yes,Graduate,No,5391,0.0,130,360,1,Urban,true,4.875197323201151,5391.0,8.592671652592143
LP002226,Male,Yes,Graduate,No,3333,2500.0,128,360,1,Semiurban,true,4.859812404361672,5833.0,8.671458150427666
LP002229,Male,No,Graduate,No,5941,4232.0,296,360,1,Semiurban,true,5.6937321388027,10173.0,9.22759072538271
LP002231,Female,No,Graduate,No,6000,0.0,156,360,1,Urban,true,5.056245805348308,6000.0,8.699681400989514
LP002234,Male,No,Graduate,Yes,7167,0.0,128,360,1,Urban,true,4.859812404361672,7167.0,8.877381954654766
LP002236,Male,Yes,Graduate,No,4566,0.0,100,360,1,Urban,false,4.61512051684126,4566.0,8.426611813185
LP002237,Male,No,Graduate,No,3667,0.0,113,180,1,Urban,true,4.736198448394496,3667.0,8.207401833376355
LP002239,Male,No,Not Graduate,No,2346,1600.0,132,360,1,Semiurban,true,4.890349128221754,3946.0,8.280711075662847
LP002243,Male,Yes,Not Graduate,No,3010,3136.0,146,360,0,Urban,false,4.866324565936641,6146.0,8.72371943690701
LP002244,Male,Yes,Graduate,No,2333,2417.0,136,360,1,Urban,true,4.919980925828125,4750.0,8.46611040118692
LP002250,Male,Yes,Graduate,No,5488,0.0,125,360,1,Rural,true,4.836281906951478,5488.0,8.610501368549889
LP002255,Male,No,Graduate,No,9167,0.0,185,360,1,Rural,true,5.225746673713202,9167.0,9.12347443895452
LP002262,Male,Yes,Graduate,No,9504,0.0,275,360,1,Rural,true,5.62040086571715,9504.0,9.15957325492253
LP002263,Male,Yes,Graduate,No,2583,2115.0,120,360,1,Urban,true,4.795790545596741,4698.0,8.455104999102815
LP002265,Male,Yes,Not Graduate,No,1993,1625.0,113,180,1,Semiurban,true,4.736198448394496,3618.0,8.193953023563742
LP002266,Male,Yes,Graduate,No,3100,1400.0,113,360,1,Urban,true,4.736198448394496,4500.0,8.412054873292933
LP002272,Male,Yes,Graduate,No,3276,484.0,135,360,1,Semiurban,true,4.912654885736052,3760.0,8.232440158470336
LP002277,Female,No,Graduate,No,3180,0.0,71,360,0,Urban,false,4.276666119016055,3180.0,8.064950891749143
LP002281,Male,Yes,Graduate,No,3033,1459.0,95,360,1,Urban,true,4.564348191467836,4492.0,8.41027590907016
LP002284,Male,No,Not Graduate,No,3902,1666.0,109,360,1,Rural,true,4.700480365792417,5568.0,8.624970783589669
LP002287,Female,No,Graduate,No,1500,1800.0,103,360,0,Semiurban,false,4.6443908991413725,3300.0,8.101980731853192
LP002288,Male,Yes,Not Graduate,No,2889,0.0,45,180,0,Urban,false,3.828641396489095,2889.0,7.969011781106478
LP002296,Male,No,Not Graduate,No,2755,0.0,65,300,1,Rural,false,4.189654742026425,2755.0,7.9215356321335495
LP002297,Male,No,Graduate,No,2500,20000.0,103,360,1,Semiurban,true,4.6443908991413725,22500.0,10.021315031649332
LP002300,Female,No,Not Graduate,No,1963,0.0,53,360,1,Semiurban,true,3.9889840465642745,1963.0,7.582738488914411
LP002301,Female,No,Graduate,Yes,7441,0.0,194,360,1,Rural,false,5.272999558563747,7441.0,8.914894908906568
LP002305,Female,No,Graduate,No,4547,0.0,115,360,1,Semiurban,true,4.7535901911063645,4547.0,8.422442854870427
LP002308,Male,Yes,Not Graduate,No,2167,2400.0,115,360,1,Urban,true,4.7535901911063645,4567.0,8.426830751335846
LP002314,Female,No,Not Graduate,No,2213,0.0,66,360,1,Rural,true,4.204692619390966,2213.0,7.7025561132685825
LP002315,Male,Yes,Graduate,No,8300,0.0,152,300,0,Semiurban,false,5.030437921392435,8300.0,9.024131268455035
LP002317,Male,Yes,Graduate,No,81000,0.0,360,360,0,Rural,false,5.8888779583328805,81000.0,11.302216779257382
LP002318,Female,No,Not Graduate,Yes,3867,0.0,62,360,1,Semiurban,false,4.143134726391533,3867.0,8.260492856573185
LP002319,Male,Yes,Graduate,No,6256,0.0,160,360,1,Urban,true,5.081404364984463,6256.0,8.741456115998364
LP002328,Male,Yes,Not Graduate,No,6096,0.0,218,360,0,Rural,false,5.389071729816501,6096.0,8.715552125907816
LP002332,Male,Yes,Not Graduate,No,2253,2033.0,110,360,1,Rural,true,4.709530201312334,4286.0,8.363342466597977
LP002335,Female,Yes,Not Graduate,No,2149,3237.0,178,360,0,Semiurban,false,5.187385805840755,5386.0,8.591743922680534
LP002337,Female,No,Graduate,No,2995,0.0,60,360,1,Urban,true,4.110873864173311,2995.0,8.005033344637111
LP002341,Female,No,Graduate,No,2600,0.0,160,360,1,Urban,false,5.081404364984463,2600.0,7.8636512654486515
LP002342,Male,Yes,Graduate,Yes,1600,20000.0,239,360,1,Urban,false,5.480638923341991,21600.0,9.980494888896912
LP002345,Male,Yes,Graduate,No,1025,2773.0,112,360,1,Rural,true,4.727387818712341,3798.0,8.242493153187626
LP002347,Male,Yes,Graduate,No,3246,1417.0,138,360,1,Semiurban,true,4.9344739331306915,4663.0,8.447628728030327
LP002348,Male,Yes,Graduate,No,5829,0.0,138,360,1,Rural,true,4.9344739331306915,5829.0,8.670772279344538
LP002357,Female,No,Not Graduate,No,2720,0.0,80,84,0,Urban,false,4.394449154672439,2720.0,7.908754738783246
LP002361,Male,Yes,Graduate,No,1820,1719.0,100,360,1,Urban,true,4.61512051684126,3539.0,8.17188200612782
LP002362,Male,Yes,Graduate,No,7250,1667.0,110,84,0,Urban,false,4.709530201312334,8917.0,9.095826985187422
LP002364,Male,Yes,Graduate,No,14880,0.0,96,360,1,Semiurban,true,4.574710978503383,14880.0,9.60784051043005
LP002366,Male,Yes,Graduate,No,2666,4300.0,121,360,1,Rural,true,4.804021044733257,6966.0,8.848939995030118
LP002367,Female,No,Not Graduate,No,4606,0.0,81,360,1,Rural,false,4.406719247264253,4606.0,8.435332164935916
LP002368,Male,Yes,Graduate,No,5935,0.0,133,360,1,Semiurban,true,4.897839799950911,5935.0,8.688790784847216
LP002369,Male,Yes,Graduate,No,2920,16.12000084,87,360,1,Rural,true,4.477336814478207,2936.12000084,7.9851847886683345
LP002370,Male,No,Not Graduate,No,2717,0.0,60,180,1,Urban,true,4.110873864173311,2717.0,7.907651594711089
LP002377,Female,No,Graduate,Yes,8624,0.0,150,360,1,Semiurban,true,5.017279836814924,8624.0,9.062420241899561
LP002379,Male,No,Graduate,No,6500,0.0,105,360,0,Rural,false,4.663439094112067,6500.0,8.77971129020447
LP002386,Male,No,Graduate,No,12876,0.0,405,360,1,Semiurban,true,6.0063531596017325,12876.0,9.463198053273784
LP002387,Male,Yes,Graduate,No,2425,2340.0,143,360,1,Semiurban,true,4.969813299576001,4765.0,8.469262657658687
LP002390,Male,No,Graduate,No,3750,0.0,100,360,1,Urban,true,4.61512051684126,3750.0,8.229777750081887
LP002393,Female,Yes,Graduate,No,10047,0.0,146,240,1,Semiurban,true,4.866324565936641,10047.0,9.21512888870798
LP002398,Male,No,Graduate,No,1926,1851.0,50,360,1,Semiurban,true,3.9318256327243257,3777.0,8.236950048061455
LP002401,Male,Yes,Graduate,No,2213,1125.0,146,360,1,Urban,true,4.866324565936641,3338.0,8.113426639943654
LP002403,Male,No,Graduate,Yes,10416,0.0,187,360,0,Urban,false,5.236441962829949,10416.0,9.251194365984448
LP002407,Female,Yes,Not Graduate,Yes,7142,0.0,138,360,1,Rural,true,4.9344739331306915,7142.0,8.873888135154973
LP002408,Male,No,Graduate,No,3660,5064.0,187,360,1,Semiurban,true,5.236441962829949,8724.0,9.073947747070628
LP002409,Male,Yes,Graduate,No,7901,1833.0,180,360,1,Rural,true,5.198497031265826,9734.0,9.1834829178063
LP002418,Male,No,Not Graduate,No,4707,1993.0,148,360,1,Semiurban,true,5.003946305945459,6700.0,8.81001204797317
LP002422,Male,No,Graduate,No,37719,0.0,152,360,1,Semiurban,true,5.030437921392435,37719.0,10.537945736747394
LP002424,Male,Yes,Graduate,No,7333,8333.0,175,300,1,Rural,true,5.170483995038152,15666.0,9.659311868393488
LP002429,Male,Yes,Graduate,Yes,3466,1210.0,130,360,1,Rural,true,4.875197323201151,4676.0,8.450412157725886
LP002434,Male,Yes,Not Graduate,No,4652,0.0,110,360,1,Rural,true,4.709530201312334,4652.0,8.445267451844648
LP002435,Male,Yes,Graduate,No,3539,1376.0,55,360,1,Rural,false,4.02535169073515,4915.0,8.500250470685925
LP002443,Male,Yes,Graduate,No,3340,1710.0,150,360,0,Rural,false,5.017279836814924,5050.0,8.527341522468053
LP002444,Male,No,Not Graduate,Yes,2769,1542.0,190,360,1,Semiurban,false,5.25227342804663,4311.0,8.369157112588834
LP002446,Male,Yes,Not Graduate,No,2309,1255.0,125,360,0,Rural,false,4.836281906951478,3564.0,8.178919332848396
LP002447,Male,Yes,Not Graduate,No,1958,1456.0,60,300,1,Urban,true,4.110873864173311,3414.0,8.13593277200489
LP002448,Male,Yes,Graduate,No,3948,1733.0,149,360,0,Rural,false,5.0106352940962555,5681.0,8.645058562414134
LP002449,Male,Yes,Graduate,No,2483,2466.0,90,180,0,Rural,true,4.51085950651685,4949.0,8.507142855562735
LP002453,Male,No,Graduate,Yes,7085,0.0,84,360,1,Semiurban,true,4.442651256490317,7085.0,8.865876285425417
LP002455,Male,Yes,Graduate,No,3859,0.0,96,360,1,Semiurban,true,4.574710978503383,3859.0,8.258422462458876
LP002459,Male,Yes,Graduate,No,4301,0.0,118,360,1,Urban,true,4.77912349311153,4301.0,8.366835309827675
LP002467,Male,Yes,Graduate,No,3708,2569.0,173,360,1,Urban,false,5.159055299214529,6277.0,8.744806737401898
LP002472,Male,No,Graduate,No,4354,0.0,136,360,1,Rural,true,4.919980925828125,4354.0,8.379079889286603
LP002473,Male,Yes,Graduate,No,8334,0.0,160,360,1,Semiurban,false,5.081404364984463,8334.0,9.028218795184895
LP002478,Male,Yes,Graduate,Yes,2083,4083.0,160,360,1,Semiurban,true,5.081404364984463,6166.0,8.726967774991493
LP002484,Male,Yes,Graduate,No,7740,0.0,128,180,1,Urban,true,4.859812404361672,7740.0,8.954286157204713
LP002487,Male,Yes,Graduate,No,3015,2188.0,153,360,1,Rural,true,5.0369526024136295,5203.0,8.557182839632397
LP002489,Female,No,Not Graduate,No,5191,0.0,132,360,1,Semiurban,true,4.890349128221754,5191.0,8.554874258383926
LP002493,Male,No,Graduate,No,4166,0.0,98,360,0,Semiurban,false,4.59511985013459,4166.0,8.334951631422454
LP002494,Male,No,Graduate,No,6000,0.0,140,360,1,Rural,true,4.948759890378168,6000.0,8.699681400989514
LP002500,Male,Yes,Not Graduate,No,2947,1664.0,70,180,0,Urban,false,4.2626798770413155,4611.0,8.436416881388949
LP002501,Male,Yes,Graduate,No,16692,0.0,110,360,1,Semiurban,true,4.709530201312334,16692.0,9.722744748855389
LP002502,Female,Yes,Not Graduate,No,210,2917.0,98,360,1,Semiurban,true,4.59511985013459,3127.0,8.048149101665201
LP002505,Male,Yes,Graduate,No,4333,2451.0,110,360,1,Urban,false,4.709530201312334,6784.0,8.82246957226897
LP002515,Male,Yes,Graduate,Yes,3450,2079.0,162,360,1,Semiurban,true,5.093750200806762,5529.0,8.61794309451638
LP002517,Male,Yes,Not Graduate,No,2653,1500.0,113,180,0,Rural,false,4.736198448394496,4153.0,8.331827004436057
LP002519,Male,Yes,Graduate,No,4691,0.0,100,360,1,Semiurban,true,4.61512051684126,4691.0,8.453614209773367
LP002522,Female,No,Graduate,Yes,2500,0.0,93,360,1,Urban,true,4.543294782270004,2500.0,7.824445930877619
LP002524,Male,No,Graduate,No,5532,4648.0,162,360,1,Rural,true,5.093750200806762,10180.0,9.228278517107196
LP002527,Male,Yes,Graduate,Yes,16525,1014.0,150,360,1,Rural,true,5.017279836814924,17539.0,9.772239265926174
LP002529,Male,Yes,Graduate,No,6700,1750.0,230,300,1,Semiurban,true,5.442417710521793,8450.0,9.042040056544483
LP002530,Male,Yes,Graduate,No,2873,1872.0,132,360,0,Semiurban,false,4.890349128221754,4745.0,8.465057436995709
LP002531,Male,Yes,Graduate,Yes,16667,2250.0,86,360,1,Semiurban,true,4.465908118654584,18917.0,9.847869128773116
LP002533,Male,Yes,Graduate,No,2947,1603.0,146,360,1,Urban,false,4.866324565936641,4550.0,8.423102268016642
LP002534,Female,No,Not Graduate,No,4350,0.0,154,360,1,Rural,true,5.043425116919247,4350.0,8.37816098272068
LP002536,Male,Yes,Not Graduate,No,3095,0.0,113,360,1,Rural,true,4.736198448394496,3095.0,8.037866234709618
LP002537,Male,Yes,Graduate,No,2083,3150.0,128,360,1,Semiurban,true,4.859812404361672,5233.0,8.562931083090092
LP002541,Male,Yes,Graduate,No,10833,0.0,234,360,1,Semiurban,true,5.459585514144159,10833.0,9.290444616217844
LP002543,Male,Yes,Graduate,No,8333,0.0,246,360,1,Semiurban,true,5.5093883366279774,8333.0,9.0280988119824
LP002544,Male,Yes,Not Graduate,No,1958,2436.0,131,360,1,Rural,true,4.882801922586371,4394.0,8.388222810119277
LP002545,Male,No,Graduate,No,3547,0.0,80,360,0,Rural,false,4.394449154672439,3547.0,8.17413934342947
LP002547,Male,Yes,Graduate,No,18333,0.0,500,360,1,Urban,false,6.2166061010848646,18333.0,9.816512538521721
LP002555,Male,Yes,Graduate,Yes,4583,2083.0,160,360,1,Semiurban,true,5.081404364984463,6666.0,8.80492526261806
LP002556,Male,No,Graduate,No,2435,0.0,75,360,1,Urban,false,4.330733340286331,2435.0,7.798112628829788
LP002560,Male,No,Not Graduate,No,2699,2785.0,96,360,1,Semiurban,true,4.574710978503383,5484.0,8.609772372709331
LP002562,Male,Yes,Not Graduate,No,5333,1131.0,186,360,1,Urban,true,5.231108616854587,6464.0,8.774158291205957
LP002571,Male,No,Not Graduate,No,3691,0.0,110,360,1,Rural,true,4.709530201312334,3691.0,8.213923595622743
LP002582,Female,No,Not Graduate,Yes,17263,0.0,225,360,1,Semiurban,true,5.420534999272286,17263.0,9.756378687497916
LP002585,Male,Yes,Graduate,No,3597,2157.0,119,360,0,Rural,false,4.787491742782046,5754.0,8.657824321155983
LP002586,Female,Yes,Graduate,No,3326,913.0,105,84,1,Semiurban,true,4.663439094112067,4239.0,8.352318548226004
LP002587,Male,Yes,Not Graduate,No,2600,1700.0,107,360,1,Rural,true,4.68213122712422,4300.0,8.366602832783736
LP002588,Male,Yes,Graduate,No,4625,2857.0,111,12,1,Urban,true,4.718498871295094,7482.0,8.920389060080359
LP002600,Male,Yes,Graduate,Yes,2895,0.0,95,360,1,Semiurban,true,4.564348191467836,2895.0,7.971085753505607
LP002602,Male,No,Graduate,No,6283,4416.0,209,360,0,Rural,false,5.3471075307174685,10699.0,9.277999020449997
LP002603,Female,No,Graduate,No,645,3683.0,113,480,1,Rural,true,4.736198448394496,4328.0,8.37309184744198
LP002606,Female,No,Graduate,No,3159,0.0,100,360,1,Semiurban,true,4.61512051684126,3159.0,8.058327306580958
LP002615,Male,Yes,Graduate,No,4865,5624.0,208,360,1,Semiurban,true,5.342334251964811,10489.0,9.258177701390343
LP002618,Male,Yes,Not Graduate,No,4050,5302.0,138,360,1,Rural,false,4.9344739331306915,9352.0,9.143452426434552
LP002619,Male,Yes,Not Graduate,No,3814,1483.0,124,300,1,Semiurban,true,4.8283137373023015,5297.0,8.575084669832014
LP002622,Male,Yes,Graduate,No,3510,4416.0,243,360,1,Rural,true,5.497168225293202,7926.0,8.978029932837156
LP002624,Male,Yes,Graduate,No,20833,6667.0,480,360,1,Urban,true,6.175867270105761,27500.0,10.221977646629885
LP002625,Male,No,Graduate,No,3583,0.0,96,360,1,Urban,false,4.574710978503383,3583.0,8.18423477409482
LP002626,Male,Yes,Graduate,Yes,2479,3013.0,188,360,1,Urban,true,5.241747015059643,5492.0,8.61122983334262
LP002634,Female,No,Graduate,No,13262,0.0,40,360,1,Urban,true,3.713572066704308,13262.0,9.492733482494353
LP002637,Male,No,Not Graduate,No,3598,1287.0,100,360,1,Rural,false,4.61512051684126,4885.0,8.494129251817686
LP002640,Male,Yes,Graduate,No,6065,2004.0,250,360,1,Semiurban,true,5.5254529391317835,8069.0,8.995908761263994
LP002643,Male,Yes,Graduate,No,3283,2035.0,148,360,1,Urban,true,5.003946305945459,5318.0,8.579040594742317
LP002648,Male,Yes,Graduate,No,2130,6666.0,70,180,1,Semiurban,false,4.2626798770413155,8796.0,9.082166033252674
LP002652,Male,No,Graduate,No,5815,3666.0,311,360,1,Rural,false,5.7430031878094825,9481.0,9.157150543462064
LP002659,Male,Yes,Graduate,No,3466,3428.0,150,360,1,Rural,true,5.017279836814924,6894.0,8.838551790227402
LP002670,Female,Yes,Graduate,No,2031,1632.0,113,480,1,Semiurban,true,4.736198448394496,3663.0,8.20631072579402
LP002682,Male,Yes,Not Graduate,No,3074,1800.0,123,360,0,Semiurban,false,4.820281565605037,4874.0,8.491875383431948
LP002683,Male,No,Graduate,No,4683,1915.0,185,360,1,Semiurban,false,5.225746673713202,6598.0,8.794673401383422
LP002684,Female,No,Not Graduate,No,3400,0.0,95,360,1,Rural,false,4.564348191467836,3400.0,8.131824785007195
LP002689,Male,Yes,Not Graduate,No,2192,1742.0,45,360,1,Semiurban,true,3.828641396489095,3934.0,8.277666160851503
LP002690,Male,No,Graduate,No,2500,0.0,55,360,1,Semiurban,true,4.02535169073515,2500.0,7.824445930877619
LP002692,Male,Yes,Graduate,Yes,5677,1424.0,100,360,1,Rural,true,4.61512051684126,7101.0,8.868131713503033
LP002693,Male,Yes,Graduate,Yes,7948,7166.0,480,360,1,Rural,true,6.175867270105761,15114.0,9.623442907213558
LP002697,Male,No,Graduate,No,4680,2087.0,146,360,1,Semiurban,false,4.866324565936641,6767.0,8.81996090128606
LP002699,Male,Yes,Graduate,Yes,17500,0.0,400,360,1,Rural,true,5.993961427306569,17500.0,9.770013301136158
LP002705,Male,Yes,Graduate,No,3775,0.0,110,360,1,Semiurban,true,4.709530201312334,3775.0,8.236420527265391
LP002706,Male,Yes,Not Graduate,No,5285,1430.0,161,360,0,Semiurban,true,5.087596335232384,6715.0,8.812248018197431
LP002714,Male,No,Not Graduate,No,2679,1302.0,94,360,1,Semiurban,true,4.553876891600541,3981.0,8.289539484624141
LP002716,Male,No,Not Graduate,No,6783,0.0,130,360,1,Semiurban,true,4.875197323201151,6783.0,8.822322177471738
LP002717,Male,Yes,Graduate,No,1025,5500.0,216,360,1,Rural,true,5.37989735354046,6525.0,8.783549477153265
LP002720,Male,Yes,Graduate,No,4281,0.0,100,360,1,Urban,true,4.61512051684126,4281.0,8.362175469149628
LP002723,Male,No,Graduate,No,3588,0.0,110,360,0,Rural,false,4.709530201312334,3588.0,8.185628891147607
LP002729,Male,No,Graduate,No,11250,0.0,196,360,1,Semiurban,false,5.2832037287379885,11250.0,9.328212292571072
LP002731,Female,No,Not Graduate,Yes,18165,0.0,125,360,1,Urban,true,4.836281906951478,18165.0,9.80730699406216
LP002732,Male,No,Not Graduate,No,2550,2042.0,126,360,1,Rural,true,4.844187086458591,4592.0,8.432288684325794
LP002734,Male,Yes,Graduate,No,6133,3906.0,324,360,1,Urban,true,5.783825182329737,10039.0,9.21433239324572
LP002738,Male,No,Graduate,No,3617,0.0,107,360,1,Semiurban,true,4.68213122712422,3617.0,8.193676665955241
LP002739,Male,Yes,Not Graduate,No,2917,536.0,66,360,1,Rural,false,4.204692619390966,3453.0,8.147288258706624
LP002740,Male,Yes,Graduate,No,6417,0.0,157,180,1,Rural,true,5.062595033026967,6417.0,8.766861821669803
LP002741,Female,Yes,Graduate,No,4608,2845.0,140,180,1,Semiurban,true,4.948759890378168,7453.0,8.916506080039204
LP002743,Female,No,Graduate,No,2138,0.0,99,360,0,Semiurban,false,4.605170185988092,2138.0,7.668093709082406
LP002753,Female,No,Graduate,No,3652,0.0,95,360,1,Semiurban,true,4.564348191467836,3652.0,8.203304026795282
LP002755,Male,Yes,Not Graduate,No,2239,2524.0,128,360,1,Urban,true,4.859812404361672,4763.0,8.46884293047519
LP002757,Female,Yes,Not Graduate,No,3017,663.0,102,360,1,Semiurban,true,4.634728988229636,3680.0,8.210939733379021
LP002767,Male,Yes,Graduate,No,2768,1950.0,155,360,1,Rural,true,5.049856007249537,4718.0,8.459352191726387
LP002768,Male,No,Not Graduate,No,3358,0.0,80,36,1,Semiurban,false,4.394449154672439,3358.0,8.119398589612294
LP002772,Male,No,Graduate,No,2526,1783.0,145,360,1,Rural,true,4.983606621708336,4309.0,8.368693183097793
LP002776,Female,No,Graduate,No,5000,0.0,103,360,0,Semiurban,false,4.6443908991413725,5000.0,8.517393171418904
LP002777,Male,Yes,Graduate,No,2785,2016.0,110,360,1,Rural,true,4.709530201312334,4801.0,8.4767877767812
LP002778,Male,Yes,Graduate,Yes,6633,0.0,146,360,0,Rural,false,4.866324565936641,6633.0,8.799963219506997
LP002784,Male,Yes,Not Graduate,No,2492,2375.0,146,360,1,Rural,true,4.866324565936641,4867.0,8.490438454107418
LP002785,Male,Yes,Graduate,No,3333,3250.0,158,360,1,Urban,true,5.0689042022202315,6583.0,8.792397742356906
LP002788,Male,Yes,Not Graduate,No,2454,2333.0,181,360,0,Urban,false,5.204006687076795,4787.0,8.473868066677865
LP002789,Male,Yes,Graduate,No,3593,4266.0,132,180,0,Rural,false,4.890349128221754,7859.0,8.969541885423252
LP002792,Male,Yes,Graduate,No,5468,1032.0,26,360,1,Semiurban,true,3.295836866004329,6500.0,8.77971129020447
LP002794,Female,No,Graduate,No,2667,1625.0,84,360,1,Urban,true,4.442651256490317,4292.0,8.36474106822456
LP002795,Male,Yes,Graduate,Yes,10139,0.0,260,360,1,Semiurban,true,5.564520407322694,10139.0,9.224243277145174
LP002798,Male,Yes,Graduate,No,3887,2669.0,162,360,1,Semiurban,true,5.093750200806762,6556.0,8.788288460263619
LP002804,Female,Yes,Graduate,No,4180,2306.0,182,360,1,Semiurban,true,5.209486152841421,6486.0,8.777555453213056
LP002807,Male,Yes,Not Graduate,No,3675,242.0,108,360,1,Semiurban,true,4.6913478822291435,3917.0,8.273336598504486
LP002813,Female,Yes,Graduate,Yes,19484,0.0,600,360,1,Semiurban,true,6.398594934535208,19484.0,9.87740021777281
LP002820,Male,Yes,Graduate,No,5923,2054.0,211,360,1,Rural,true,5.356586274672012,7977.0,8.984443032465352
LP002821,Male,No,Not Graduate,Yes,5800,0.0,132,360,1,Semiurban,true,4.890349128221754,5800.0,8.665785595466064
LP002832,Male,Yes,Graduate,No,8799,0.0,258,360,0,Urban,false,5.556828061699537,8799.0,9.082507000466299
LP002833,Male,Yes,Not Graduate,No,4467,0.0,120,360,1,Rural,true,4.795790545596741,4467.0,8.404696160189092
LP002836,Male,No,Graduate,No,3333,0.0,70,360,1,Urban,true,4.2626798770413155,3333.0,8.111928063310739
LP002837,Male,Yes,Graduate,No,3400,2500.0,123,360,0,Rural,false,4.820281565605037,5900.0,8.682877107057168
LP002840,Female,No,Graduate,No,2378,0.0,9,360,1,Urban,false,2.302585092994046,2378.0,7.774435510302958
LP002841,Male,Yes,Graduate,No,3166,2064.0,104,360,0,Urban,false,4.653960350157523,5230.0,8.562357743370612
LP002842,Male,Yes,Graduate,No,3417,1750.0,186,360,1,Urban,true,5.231108616854587,5167.0,8.550241045462437
LP002847,Male,Yes,Graduate,No,5116,1451.0,165,360,0,Urban,false,5.111987788356544,6567.0,8.789964651132264
LP002855,Male,Yes,Graduate,No,16666,0.0,275,360,1,Urban,true,5.62040086571715,16666.0,9.721185995542177
LP002862,Male,Yes,Not Graduate,No,6125,1625.0,187,480,1,Semiurban,false,5.236441962829949,7750.0,8.955577146281511
LP002863,Male,Yes,Graduate,No,6406,0.0,150,360,1,Semiurban,false,5.017279836814924,6406.0,8.765146421639022
LP002868,Male,Yes,Graduate,No,3159,461.0,108,84,1,Urban,true,4.6913478822291435,3620.0,8.19450550976564
LP002872,Male,Yes,Graduate,No,3087,2210.0,136,360,0,Semiurban,false,4.919980925828125,5297.0,8.575084669832014
LP002874,Male,No,Graduate,No,3229,2739.0,110,360,1,Urban,true,4.709530201312334,5968.0,8.69433468816865
LP002877,Male,Yes,Graduate,No,1782,2232.0,107,360,1,Rural,true,4.68213122712422,4014.0,8.297792626380861
LP002888,Male,No,Graduate,No,3182,2917.0,161,360,1,Urban,true,5.087596335232384,6099.0,8.716044050161402
LP002892,Male,Yes,Graduate,No,6540,0.0,205,360,1,Semiurban,true,5.327876168789581,6540.0,8.785845337961213
LP002893,Male,No,Graduate,No,1836,33837.0,90,360,1,Urban,false,4.51085950651685,35673.0,10.482177411118249
LP002894,Female,Yes,Graduate,No,3166,0.0,36,360,1,Semiurban,true,3.6109179126442243,3166.0,8.06054004653864
LP002898,Male,Yes,Graduate,No,1880,0.0,61,360,1,Rural,false,4.127134385045092,1880.0,7.53955882930103
LP002911,Male,Yes,Graduate,No,2787,1917.0,146,360,0,Rural,false,4.990432586778736,4704.0,8.45638105201948
LP002912,Male,Yes,Graduate,No,4283,3000.0,172,84,1,Rural,false,5.153291594497779,7283.0,8.8934354408475
LP002916,Male,Yes,Graduate,No,2297,1522.0,104,360,1,Urban,true,4.653960350157523,3819.0,8.24800570160062
LP002917,Female,No,Not Graduate,No,2165,0.0,70,360,1,Semiurban,true,4.2626798770413155,2165.0,7.680637427560936
LP002925,Male,No,Graduate,No,4750,0.0,94,360,1,Semiurban,true,4.553876891600541,4750.0,8.46611040118692
LP002926,Male,Yes,Graduate,Yes,2726,0.0,106,360,0,Semiurban,false,4.672828834461906,2726.0,7.910957382845589
LP002928,Male,Yes,Graduate,No,3000,3416.0,56,180,1,Semiurban,true,4.04305126783455,6416.0,8.766705997750515
LP002931,Male,Yes,Graduate,Yes,6000,0.0,205,240,1,Semiurban,false,5.327876168789581,6000.0,8.699681400989514
LP002933,Male,No,Graduate,Yes,9357,0.0,292,360,1,Semiurban,true,5.680172609017068,9357.0,9.143986871426161
LP002936,Male,Yes,Graduate,No,3859,3300.0,142,180,1,Rural,true,4.962844630259907,7159.0,8.87626525995469
LP002938,Male,Yes,Graduate,Yes,16120,0.0,260,360,1,Urban,true,5.564520407322694,16120.0,9.687878048875998
LP002940,Male,No,Not Graduate,No,3833,0.0,110,360,1,Rural,true,4.709530201312334,3833.0,8.251663923605589
LP002941,Male,Yes,Not Graduate,Yes,6383,1000.0,187,360,1,Rural,false,5.236441962829949,7383.0,8.907070776182689
LP002943,Male,No,Graduate,No,2987,0.0,88,360,0,Semiurban,false,4.48863636973214,2987.0,8.002359546252707
LP002945,Male,Yes,Graduate,Yes,9963,0.0,180,360,1,Rural,true,5.198497031265826,9963.0,9.20673387638207
LP002948,Male,Yes,Graduate,No,5780,0.0,192,360,1,Urban,true,5.262690188904886,5780.0,8.662331957082475
LP002949,Female,No,Graduate,No,416,41667.0,350,180,1,Urban,false,5.860786223465865,42083.0,10.647422899928179
LP002950,Male,Yes,Not Graduate,No,2894,2792.0,155,360,1,Rural,true,5.049856007249537,5686.0,8.645938147306799
LP002953,Male,Yes,Graduate,No,5703,0.0,128,360,1,Urban,true,4.859812404361672,5703.0,8.648922962094131
LP002958,Male,No,Graduate,No,3676,4301.0,172,360,1,Rural,true,5.153291594497779,7977.0,8.984443032465352
LP002959,Female,Yes,Graduate,No,12000,0.0,496,360,1,Semiurban,true,6.208590026096629,12000.0,9.392745258631441
LP002960,Male,Yes,Not Graduate,No,2400,3800.0,146,180,1,Urban,false,4.866324565936641,6200.0,8.732465848349879
LP002961,Male,Yes,Graduate,No,3400,2500.0,173,360,1,Semiurban,true,5.159055299214529,5900.0,8.682877107057168
LP002964,Male,Yes,Not Graduate,No,3987,1411.0,157,360,1,Rural,true,5.062595033026967,5398.0,8.593969030218286
LP002974,Male,Yes,Graduate,No,3232,1950.0,108,360,1,Rural,true,4.6913478822291435,5182.0,8.553139318189707
LP002978,Female,No,Graduate,No,2900,0.0,71,360,1,Rural,true,4.276666119016055,2900.0,7.972810784121404
LP002979,Male,Yes,Graduate,No,4106,0.0,40,180,1,Rural,true,3.713572066704308,4106.0,8.320448113956559
LP002983,Male,Yes,Graduate,No,8072,240.0,253,360,1,Urban,true,5.537334267018537,8312.0,9.025575833531088
LP002984,Male,Yes,Graduate,No,7583,0.0,187,360,1,Urban,true,5.236441962829949,7583.0,8.933796043934858
LP002990,Female,No,Graduate,Yes,4583,0.0,133,360,0,Semiurban,false,4.897839799950911,4583.0,8.430327258394575
